{
    "interactionModel": {
        "languageModel": {
            "invocationName": "Lexikon Anfänger",
            "intents": [
                {
                    "name": "AMAZON.FallbackIntent",
                    "samples": []
                },
                {
                    "name": "AMAZON.CancelIntent",
                    "samples": []
                },
                {
                    "name": "AMAZON.StopIntent",
                    "samples": []
                },
                {
                    "name": "HelpIntent",
                    "slots": [
                        {
                            "name": "help_options",
                            "type": "help_options_list"
                        }
                    ],
                    "samples": [
                        "{help_options}"
                    ]
                },
                {
                    "name": "UserSelectionIntent",
                    "slots": [

                        {
                            "name": "random",
                            "type": "random_list"
                        },
                        {
                            "name": "option_selection",
                            "type": "random_option_list"
                        }
                    ],
                    "samples" :[
                        "öffnen {option_selection} {random}",
                        "öffnen {random} {option_selection}",
                        "öffnen {option_selection}",
                        "abrir {option_selection} {random}",
                        "abrir {random} {option_selection}",
                        "abrir {option_selection}",
                        "ouvrir {option_selection} {random}",
                        "ouvrir {random} {option_selection}",
                        "ouvrir {option_selection}",
                        "aprire {option_selection} {random}",
                        "aprire {random} {option_selection}",
                        "aprire {option_selection}",
                        "open {option_selection} {random}",
                        "open {random} {option_selection}",
                        "open {option_selection}"
                    ]
                },
                {
                    "name": "UserCategorySelectionIntent",
                    "slots": [
                        {
                            "name": "query",
                            "type": "AMAZON.SearchQuery"
                        }
                    ],
                    "samples" :[
                        "kategorie ändern in {query}",
                        "kategorie ändern {query}",
                        "offene Kategorie {query}",
                        "cambiar categoría a {query}",
                        "cambiar categoría {query}",
                        "abrir categoría {query}",
                        "changer la catégorie en {query}",
                        "changer de catégorie {query}",
                        "catégorie ouverte {query}",
                        "cambia categoria in {query}",
                        "cambia categoria {query}",
                        "categoria aperta {query}",
                        "change category to {query}",
                        "change category {query}",
                        "open category {query}"
                    ]
                },
                {
                    "name": "UserSubcategorySelectionIntent",
                    "slots": [
                        {
                            "name": "query",
                            "type": "AMAZON.SearchQuery"
                        }
                    ],
                    "samples" :[
                        "unterkategorie ändern in {query}",
                        "unterkategorie ändern {query}",
                        "offene Unterkategorie {query}",
                        "cambiar subcategoría a {query}",
                        "cambiar subcategoría {query}",
                        "abrir subcategoría {query}",
                        "changer la sous-catégorie en {query}",
                        "changer de sous-catégorie {query}",
                        "sous-catégorie ouverte {query}",
                        "cambia la sottocategoria in {query}",
                        "cambia sottocategoria {query}",
                        "apri la sottocategoria {query}",
                        "change subcategory to {query}",
                        "change subcategory {query}",
                        "open subcategory {query}"
                    ]
                },
                {
                    "name": "ShowCategoriesIntent",
                    "slots":[
                        {
                            "name": "option",
                            "type": "option_list"
                        }
                    ],
                    "samples": [
                        "{option}",
                        "show {option}",
                        "demostrar {option}",
                        "démontrer {option}",
                        "zeigen {option}",
                        "mostrare {option}",
                        "{option} list",
                        "{option} Liste",
                        "{option} lista",
                        "show all {option}",
                        "mostrar todo {option}",
                        "afficher tout {option}",
                        "zeige alles {option}",
                        "mostra tutto {option}"
                    ]
                },
                {
                    "name": "RepeatMessageIntent",
                    "slots": [
                        {
                            "name": "Repeat",
                            "type": "Repeat_List"
                        },
                        {
                            "name": "speed",
                            "type": "speed_list"
                        },
                        {
                            "name": "volume",
                            "type": "volume_list"
                        }
                    ],
                    "samples": [
                        "{Repeat}",
                        "{Repeat} {speed}",
                        "{Repeat} {volume}",
                        "{speed}",
                        "{volume}"
                    ]
                },
                {
                    "name": "ExampleIntent",
                    "slots": [
                        {
                            "name": "continue",
                            "type": "continue_in_sub_list"
                        },
                        {
                            "name": "random_example",
                            "type": "random_list"
                        }
                    ],
                    "samples": [
                        "{random_example} example",
                        "{continue} ",
                        "{random_example} {continue} example",
                        "{continue} {random_example} example",
                        "{random_example} ejemplo",
                        "{continue} ",
                        "{random_example} {continue} ejemplo",
                        "{continue} {random_example} ejemplo",
                        "{random_example} exemple",
                        "{continue} ",
                        "{random_example} {continue} exemple",
                        "{continue} {random_example} exemple",
                        "{random_example} aktuelles",
                        "{continue} ",
                        "{random_example} {continue} aktuelles",
                        "{continue} {random_example} aktuelles",
                        "{random_example} esempio",
                        "{continue} ",
                        "{random_example} {continue} esempio",
                        "{continue} {random_example} esempio"
                    ]
                },
                {
                    "name": "AMAZON.NavigateHomeIntent",
                    "samples": []
                },
                {
                    "name": "DetailsIntent",
                    "slots": [
                        {
                            "name": "detail",
                            "type": "details_list"
                        },
                        {
                            "name": "language",
                            "type": "language_list"
                        }
                    ],
                    "samples": [
                        "{detail}",
                        "{language} {detail}"
                    ]
                },
                {
                    "name": "IndexIntent",
                    "slots": [
                        {
                            "name": "request",
                            "type": "request_list"
                        }
                    ],
                    "samples": [
                        "{request}",
                        "what is my {request}",
                        "show me {request}",
                        "Muéstrame {request}",
                        "montre moi {request}",
                        "Zeig es mir {request}",
                        "fammi vedere {request}"
                    ]
                },
                {
                    "name": "LanguageSelectionIntent",
                    "slots": [
                        {
                            "name": "language",
                            "type": "language_list"
                        },
                        {
                            "name": "language_type",
                            "type": "language_type_list"
                        }
                    ],
                    "samples": [
                        "learn {language}",
                        "aprender {language}",
                        "apprendre {language}",
                        "lernen {language}",
                        "imparare {language}",
                        "change {language_type} language to {language}",
                        "cambia  {language_type} lingua to {language}",
                        "ändere {language_type} sprache to {language}",
                        "cambio {language_type} lengua to {language}",
                        "changer  {language_type} langue  to {language}",
                        "{language_type} language to {language}",
                        "{language_type} lingua to {language}",
                        "{language_type} sprache to {language}",
                        "{language_type} lengua to {language}",
                        "{language_type} langue to {language}"
                    ]
                }
            ],
            "types": [
                {
                    "name": "language_type_list",
                    "values": [
                        {
                            "name": {
                                "value": "native",
                                "synonyms": ["nativa", "local","gebürtig","nativa"]
                            }
                        },
                        {
                            "name": {
                                "value": "mother",
                                "synonyms": ["madre","mère","Mutter", "madre"]
                            }
                        },
                        {
                            "name": {
                                "value": "teaching",
                                "synonyms": ["enseñando","enseignement","Lehren","insegnamento"]
                            }
                        },
                        {
                            "name": {
                                "value": "second",
                                "synonyms": ["segunda","seconde","zweite","seconda"]
                            }
                        },
                        {
                            "name": {
                                "value": "learning",
                                "synonyms": ["aprendizaje", "seconde","Lernen","apprendimento"]
                            }
                        }
                    ]
                },
                {
                    "name": "speed_list",
                    "values": [
                        {
                            "name": {
                                "value": "faster",
                                "synonyms": ["más rápido","plus rapide","schneller","Più veloce"]
                            }
                        },
                        {
                            "name": {
                                "value": "slower",
                                "synonyms": ["más lento","Ralentissez","Langsamer","Più lentamente"]
                            }
                        }
                    ]
                },
                {
                    "name": "volume_list",
                    "values": [
                        {
                            "name": {
                                "value": "louder",
                                "synonyms": ["mas fuerte","plus fort","lauter","più forte"]
                            }
                        },
                        {
                            "name": {
                                "value": "quieter",
                                "synonyms": ["más tranquilo","plus tranquille","leiser","più tranquillo"]
                            }
                        }
                    ]
                },
                {
                    "name": "help_options_list",
                    "values": [
                        {
                            "name": {
                                "value": "help",
                                "synonyms": ["ayuda","aidez-moi","hilfe","aiuto"]
                            }
                        },
                        {
                            "name": {
                                "value": "instructions",
                                "synonyms": ["instrucciones","instructions","anleitung","Istruzioni"]
                            }
                        },
                        {
                            "name": {
                                "value": "options",
                                "synonyms": ["opciones","options","optionen","opzioni"]
                            }
                        }
                    ]
                },
                {
                    "name": "request_list",
                    "values": [
                        {
                            "name": {
                                "value": "current category",
                                "synonyms": ["categoría actual","catégorie actuelle","aktuelle Kategorie","categoria attuale"]
                            }
                        },
                        {
                            "name": {
                                "value": "current subcategory",
                                "synonyms": ["subcategoría actual","sous-catégorie actuelle","aktuelle Unterkategorie","sottocategoria corrente"]
                            }
                        },
                        {
                            "name": {
                                "value": "current example",
                                "synonyms": ["ejemplo actual","exemple actuel","aktuelles beispiel","esempio attuale"]
                            }
                        },
                        {
                            "name": {
                                "value": "native language",
                                "synonyms": ["lengua materna","langue maternelle","Muttersprache","lingua nativa"]
                            }
                        },
                        {
                            "name": {
                                "value": "mother language",
                                "synonyms": ["lengua materna","langue maternelle","Muttersprache","madre lingua"]
                            }
                        },
                        {
                            "name": {
                                "value": "learning language",
                                "synonyms": ["aprendiendo idioma","apprendre une langue","sprache lernen","apprendimento della lingua"]
                            }
                        },
                        {
                            "name": {
                                "value": "language list",
                                "synonyms": ["lista de idiomas","liste des langues","sprachliste","elenco delle lingue"]
                            }
                        },
                        {
                            "name": {
                                "value": "category list",
                                "synonyms": ["lista de categoría","liste des catégories","kategorieliste","elenco di categorie"]
                            }
                        }
                    ]
                },
                {
                    "name": "details_list",
                    "values": [
                        {
                            "name": {
                                "value": "word",
                                "synonyms": ["palabra","mot","wort","parola"]
                            }
                        },
                        {
                            "name": {
                                "value": "phrase",
                                "synonyms": ["frase","frase","phrase","frase"]
                            }
                        }
                    ]
                },
                {
                    "name": "continue_in_sub_list",
                    "values": [
                        {
                            "name": {
                                "value": "another",
                                "synonyms": ["otro","autre","weiterer","altro"]
                            }
                        },
                        {
                            "name": {
                                "value": "next",
                                "synonyms": ["siguiente","suivant","Nächster","prossimo"]
                            }
                        },
                        {
                            "name": {
                                "value": "start",
                                "synonyms": ["comienzo","début","start","inizio"]
                            }
                        }
                    ]
                },
                {
                    "name": "language_list",
                    "values": [
                        {
                            "name": {
                                "value": "english",
                                "synonyms": ["inglés","anglais","englisch","inglese"]
                            }
                        },
                        {
                            "name": {
                                "value": "spanish",
                                "synonyms": ["español","espagnol","spanisch","spagnolo"]
                            }
                        },
                        {
                            "name": {
                                "value": "italian",
                                "synonyms": ["italiano","italien","italienisch","italiano"]
                            }
                        },
                        {
                            "name": {
                                "value": "french",
                                "synonyms": ["francés","français","französisch","francese"]
                            }
                        },
                        {
                            "name": {
                                "value": "german",
                                "synonyms": ["aleman","allemand","deutsche","tedesca"]
                            }
                        }
                    ]
                },
                {
                    "name": "continue_in_cat_list",
                    "values": [
                        {
                            "name": {
                                "value": "next category",
                                "synonyms": ["siguiente categoría","catégorie suivante","nächste Kategorie","prossima categoria"]
                            }
                        },
                        {
                            "name": {
                                "value": "another category",
                                "synonyms": ["otra categoría","autre catégorie","andere kategorie","altra categoria"]
                            }
                        }
                    ]
                },
                {
                    "name": "option_list",
                    "values": [
                        {
                            "name": {
                                "value": "categories",
                                "synonyms": ["categorías","catégories","kategorien","categorie"]
                            }
                        },
                        {
                            "name": {
                                "value": "subcategories",
                                "synonyms": ["subcategorias","sous-catégories","unterkategorien","sottocategorie"]
                            }
                        }
                    ]
                },
                {
                    "name": "random_option_list",
                    "values": [
                        {
                            "name": {
                                "value": "category",
                                "synonyms": ["categoría","catégorie","kategorie","categoria"]
                            }
                        },
                        {
                            "name": {
                                "value": "subcategory",
                                "synonyms": ["subcategoría","sous-catégorie","unterkategorie","sottocategoria"]
                            }
                        }
                    ]
                },
                {
                    "name": "Repeat_List",
                    "values": [
                        {
                            "name": {
                                "value": "repeat",
                                "synonyms": ["repetir","répéter","wiederholen","ripetere"]
                            }
                        },
                        {
                            "name": {
                                "value": "again",
                                "synonyms": ["otra vez","encore","nochmal","ancora"]
                            }
                        },
                        {
                            "name": {
                                "value": "repeat again",
                                "synonyms": ["repite otra vez","répète encore","nochmals wiederholen","ripeti ancora"]
                            }
                        },
                        {
                            "name": {
                                "value": "repeat normal",
                                "synonyms": ["repetir normal","répéter normal","wiederhole normal","ripeti normale"]
                            }
                        }
                    ]
                },
                {
                    "name": "random_list",
                    "values": [
                        {
                            "name": {
                                "value": "random",
                                "synonyms": ["aleatorio","aléatoire","zufällig","casuale"]
                            }
                        },
                        {
                            "name": {
                                "value": "shuffle",
                                "synonyms": ["barajar","mélanger","mischen","rimescolare"]
                            }
                        }
                    ]
                }
            ]
        }
    }
}
